{"rustc_fingerprint":14996180082339479024,"outputs":{"15337506775154344876":["___\nlib___.rlib\nlib___.so\nlib___.so\nlib___.a\nlib___.so\n/home/Fernando/.rustup/toolchains/nightly-x86_64-unknown-linux-gnu\ndebug_assertions\nproc_macro\ntarget_arch=\"x86_64\"\ntarget_endian=\"little\"\ntarget_env=\"gnu\"\ntarget_family=\"unix\"\ntarget_feature=\"fxsr\"\ntarget_feature=\"mmx\"\ntarget_feature=\"sse\"\ntarget_feature=\"sse2\"\ntarget_has_atomic=\"16\"\ntarget_has_atomic=\"32\"\ntarget_has_atomic=\"64\"\ntarget_has_atomic=\"8\"\ntarget_has_atomic=\"cas\"\ntarget_has_atomic=\"ptr\"\ntarget_os=\"linux\"\ntarget_pointer_width=\"64\"\ntarget_thread_local\ntarget_vendor=\"unknown\"\nunix\n",""],"1164083562126845933":["rustc 1.34.0-nightly (b244f61b7 2019-02-12)\nbinary: rustc\ncommit-hash: b244f61b77c42d7be695afd7901ee4418559e518\ncommit-date: 2019-02-12\nhost: x86_64-unknown-linux-gnu\nrelease: 1.34.0-nightly\nLLVM version: 8.0\n",""],"1617349019360157463":["___\nlib___.rlib\nlib___.so\nlib___.so\nlib___.a\nlib___.so\n/home/Fernando/.rustup/toolchains/nightly-x86_64-unknown-linux-gnu\ndebug_assertions\nproc_macro\ntarget_arch=\"x86_64\"\ntarget_endian=\"little\"\ntarget_env=\"gnu\"\ntarget_family=\"unix\"\ntarget_feature=\"fxsr\"\ntarget_feature=\"mmx\"\ntarget_feature=\"sse\"\ntarget_feature=\"sse2\"\ntarget_has_atomic=\"16\"\ntarget_has_atomic=\"32\"\ntarget_has_atomic=\"64\"\ntarget_has_atomic=\"8\"\ntarget_has_atomic=\"cas\"\ntarget_has_atomic=\"ptr\"\ntarget_os=\"linux\"\ntarget_pointer_width=\"64\"\ntarget_thread_local\ntarget_vendor=\"unknown\"\nunix\n",""]},"successes":{}}